,city,Lat,Lng,Max Temp,Humidity,Cloudiness,Wind Speed,Country,Date
0,Puerto Ayora,-0.7393,-90.3518,296.79,86,92,1.79,EC,1621392048
1,Bayir,37.2687,28.2167,284.44,56,1,1.28,TR,1621392050
2,Dawlatabad,36.4141,64.9053,301.84,9,0,1.22,AF,1621392051
3,Albany,42.6001,-73.9662,292.47,84,34,2.23,US,1621391965
4,Lavrentiya,65.5833,-171.0,273.05,90,35,1.88,RU,1621392055
5,Tiksi,71.6872,128.8694,272.82,97,100,4.66,RU,1621392056
6,Port Alfred,-33.5906,26.891,292.88,39,35,6.06,ZA,1621392058
7,Akureyri,65.6835,-18.0878,274.11,60,90,1.03,IS,1621392060
8,Kūstī,13.1629,32.6635,303.54,50,100,5.41,SD,1621392062
9,Khatanga,71.9667,102.5,270.38,93,100,4.64,RU,1621392063
10,Atuona,-9.8,-139.0333,299.82,77,96,7.01,PF,1621392065
11,Padang,-0.9492,100.3543,303.18,70,80,1.13,ID,1621392067
12,George Town,5.4112,100.3354,302.53,82,20,2.24,MY,1621392022
13,Rikitea,-23.1203,-134.9692,297.08,65,0,8.46,PF,1621392070
14,New Norfolk,-42.7826,147.0587,288.87,58,100,2.34,AU,1621392072
15,Avarua,-21.2078,-159.775,300.18,78,40,7.72,CK,1621392074
16,Luchenza,-16.0069,35.3095,287.2,94,34,1.77,MW,1621392075
17,Palma Soriano,20.2172,-75.9989,298.63,94,100,0.61,CU,1621392077
18,Bethel,41.3712,-73.414,292.55,67,1,2.06,US,1621391988
19,Luzon,6.519,126.0941,299.16,86,100,2.96,PH,1621392080
20,Rocha,-34.4833,-54.3333,281.13,91,37,2.01,UY,1621392084
21,Provideniya,64.3833,-173.3,273.21,93,75,6.0,RU,1621392085
22,Hithadhoo,-0.6,73.0833,301.9,67,1,2.13,MV,1621392087
23,Busselton,-33.65,115.3333,290.42,67,99,1.39,AU,1621392089
24,Tabivere,58.5542,26.5956,287.14,99,100,0.54,EE,1621392091
25,Atambua,-9.1061,124.8925,301.45,61,42,0.83,ID,1621392092
26,Khandyga,62.6667,135.6,281.82,26,10,4.47,RU,1621391967
27,Banda Aceh,5.5577,95.3222,302.4,69,99,4.77,ID,1621392088
28,Beisfjord,68.3751,17.5988,280.35,82,60,2.66,NO,1621392097
29,Nova Serrana,-19.8761,-44.9836,289.01,63,18,0.16,BR,1621392099
30,Praia,14.9215,-23.5087,298.45,50,0,8.23,CV,1621392101
31,Hobart,-42.8794,147.3294,289.07,68,75,2.24,AU,1621391954
32,Zhenjiang,32.2092,119.4342,295.26,60,100,0.89,CN,1621392104
33,Punta Arenas,-53.15,-70.9167,279.21,89,90,1.86,CL,1621392106
34,Puri,19.8,85.85,304.47,75,26,8.33,IN,1621392108
35,Barrow,71.2906,-156.7887,272.16,86,90,2.57,US,1621392109
36,Inverness,57.4791,-4.224,281.47,94,90,0.89,GB,1621392111
37,Saint-Philippe,-21.3585,55.7679,294.92,75,0,2.07,RE,1621392113
38,Norman Wells,65.282,-126.8329,283.17,43,75,1.03,CA,1621392115
39,Hong Kong,22.2855,114.1577,307.02,74,31,0.45,HK,1621391983
40,Clarksville,36.5298,-87.3595,295.14,76,90,4.34,US,1621391860
41,Valday,57.9747,33.2525,289.03,83,9,3.83,RU,1621392119
42,Kahului,20.8947,-156.47,301.16,54,40,10.8,US,1621391870
43,Bambous Virieux,-20.3428,57.7575,296.29,75,20,4.28,MU,1621392123
44,Chumikan,54.7183,135.315,282.17,55,29,7.02,RU,1621392124
45,Chokurdakh,70.6333,147.9167,273.29,100,98,4.23,RU,1621392126
46,Russell,32.3502,-85.1999,297.75,61,100,5.78,US,1621392128
47,Carnarvon,-24.8667,113.6333,297.19,50,0,4.63,AU,1621392130
48,Kapaa,22.0752,-159.319,301.14,69,1,1.79,US,1621392131
49,Poum,-20.2333,164.0167,297.69,71,100,4.2,NC,1621392133
50,Batticaloa,7.7102,81.6924,302.32,71,93,1.33,LK,1621392138
51,San Patricio,28.017,-97.5169,301.2,90,12,5.86,US,1621392140
52,Rio Branco,-9.9747,-67.81,295.49,70,0,1.17,BR,1621392141
53,Klaksvík,62.2266,-6.589,276.66,77,100,8.4,FO,1621392143
54,Cabo San Lucas,22.8909,-109.9124,300.82,64,1,7.72,MX,1621391851
55,Cairns,-16.9167,145.7667,302.1,67,75,7.72,AU,1621392146
56,Malakanagiri,18.35,81.9,305.9,51,24,1.53,IN,1621392148
57,Chifeng,42.2683,118.9636,301.67,16,2,4.47,CN,1621392002
58,Ribeira Grande,38.5167,-28.7,291.57,92,100,10.46,PT,1621392153
59,Sassandra,4.95,-6.0833,298.68,88,84,2.29,CI,1621392155
60,Ahipara,-35.1667,173.1667,290.61,67,8,6.64,NZ,1621392157
61,Hermanus,-34.4187,19.2345,286.43,60,2,1.55,ZA,1621392158
62,Jamestown,42.097,-79.2353,291.95,52,1,5.66,US,1621391882
63,Fare,-16.7,-151.0167,300.59,76,36,10.05,PF,1621392162
64,Yar-Sale,66.8333,70.8333,272.96,64,66,2.53,RU,1621392163
65,Necochea,-38.5473,-58.7368,280.39,81,100,3.12,AR,1621392165
66,Castro,-24.7911,-50.0119,282.4,65,0,0.81,BR,1621392168
67,Port Elizabeth,-33.918,25.5701,283.31,66,0,1.03,ZA,1621392146
68,Chui,-33.6971,-53.4616,282.34,86,4,2.28,UY,1621392173
69,Bluff,-46.6,168.3333,284.71,89,100,10.55,NZ,1621392175
70,Saint-Michel-des-Saints,46.6834,-73.9159,285.34,55,62,0.75,CA,1621392177
71,Sinazongwe,-17.2614,27.4618,291.93,59,0,1.61,ZM,1621392178
72,Sitka,57.0531,-135.33,284.09,71,20,8.23,US,1621391940
73,Burnie,-41.0667,145.9167,286.45,80,99,6.45,AU,1621392182
74,Herne Bay,51.373,1.1286,284.55,95,100,3.44,GB,1621392187
75,Hilo,19.7297,-155.09,299.0,73,20,4.63,US,1621392188
76,Ushuaia,-54.8,-68.3,280.96,93,90,0.51,AR,1621392190
77,Tudela,42.0617,-1.6045,286.08,74,88,5.56,ES,1621392192
78,Isangel,-19.55,169.2667,299.21,83,90,7.79,VU,1621392193
79,Yellowknife,62.456,-114.3525,275.44,44,75,1.34,CA,1621392183
80,San Miguel de Cozumel,20.5083,-86.9458,301.14,80,10,4.35,MX,1621392197
81,Husavik,66.0449,-17.3389,274.1,71,89,1.72,IS,1621392198
82,Pirojpur,22.5667,89.9833,307.13,52,98,5.51,BD,1621392200
83,Mataura,-46.1927,168.8643,284.53,97,100,3.64,NZ,1621392202
84,Kaeo,-35.1,173.7833,292.22,63,3,4.78,NZ,1621392204
85,Iqaluit,63.7506,-68.5145,267.0,68,75,7.72,CA,1621392205
86,Trairi,-3.2778,-39.2689,297.77,87,9,2.26,BR,1621391937
87,Mpigi,0.225,32.3136,291.02,92,100,1.63,UG,1621392209
88,Hobyo,5.3505,48.5268,299.66,79,42,8.26,SO,1621392212
89,Qaanaaq,77.484,-69.3632,274.37,92,100,4.24,GL,1621392214
90,Abū Zabad,12.35,29.25,300.84,56,81,3.25,SD,1621392215
91,Dakar,14.6937,-17.4441,296.64,83,36,1.13,SN,1621391504
92,Rome,43.2128,-75.4557,290.59,68,1,0.0,US,1621392219
93,Hasaki,35.7333,140.8333,291.37,95,100,2.01,JP,1621392221
94,Chabahar,25.2919,60.643,304.65,54,1,3.3,IR,1621392222
95,Buala,-8.145,159.5921,303.25,68,98,4.01,SB,1621392224
96,Worland,44.0169,-107.9554,299.86,40,1,0.89,US,1621392226
97,Bilibino,68.0546,166.4372,275.44,77,90,1.46,RU,1621392228
98,College,64.8569,-147.8028,290.14,33,75,3.6,US,1621392229
99,Upata,8.0086,-62.3989,296.34,82,10,3.03,VE,1621392231
100,Thompson,55.7435,-97.8558,273.24,93,90,7.2,CA,1621392233
101,Dingle,10.9995,122.6711,304.58,62,92,4.82,PH,1621392234
102,Erenhot,43.6475,111.9767,297.98,16,19,9.01,CN,1621392236
103,Kasongo-Lunda,-6.4667,16.8167,294.65,83,100,0.46,CD,1621392017
104,Pisco,-13.7,-76.2167,291.49,88,90,3.09,PE,1621392241
105,Neryungri,56.6709,124.6491,276.7,38,59,3.73,RU,1621392243
106,Mbanza-Ngungu,-5.25,14.8667,292.88,96,100,0.96,CD,1621392186
107,Toora-Khem,52.4675,96.11,282.06,93,100,0.98,RU,1621392246
108,São João da Barra,-21.6403,-41.0511,292.91,88,38,2.97,BR,1621392248
109,Cape Town,-33.9258,18.4232,286.55,66,0,3.56,ZA,1621391632
110,Tasiilaq,65.6145,-37.6368,268.24,77,4,1.35,GL,1621392253
111,Solhan,38.9634,41.0293,278.37,57,6,1.04,TR,1621392254
112,Mukhen,48.1,136.1,298.52,31,98,5.05,RU,1621392256
113,Daru,-9.0763,143.2092,300.46,88,99,8.02,PG,1621392258
114,Ketchikan,55.3422,-131.6461,289.41,39,1,4.63,US,1621392121
115,Ancud,-41.8697,-73.8203,284.39,69,100,5.26,CL,1621392261
116,Verāval,20.9,70.3667,301.79,73,100,4.81,IN,1621392263
117,Mareeba,-17.0,145.4333,300.62,57,31,3.73,AU,1621392265
118,Katsuura,35.1333,140.3,293.25,98,100,2.78,JP,1621392266
119,Flin Flon,54.7682,-101.865,281.57,94,94,6.29,CA,1621392268
120,Alofi,-19.0595,-169.9187,301.09,74,40,6.17,NU,1621392270
121,Narrabri,-30.3167,149.7833,294.55,45,0,2.57,AU,1621392272
122,Teknāf,20.8624,92.3058,304.76,64,100,1.67,BD,1621392273
123,Popondetta,-8.7537,148.2534,306.03,51,100,2.95,PG,1621392275
124,Sur,22.5667,59.5289,306.12,40,16,2.56,OM,1621392120
125,Victor Harbor,-35.5667,138.6167,291.2,54,100,6.64,AU,1621392278
126,Matata,-37.8833,176.75,291.0,65,70,6.5,NZ,1621392280
127,Petropavlovsk-Kamchatskiy,53.0452,158.6483,292.48,43,27,8.8,RU,1621392282
128,Sakakah,29.9697,40.2064,298.91,16,0,3.96,SA,1621392131
129,Baykit,61.67,96.37,275.63,49,80,2.4,RU,1621392285
130,Luganville,-15.5333,167.1667,298.85,88,99,4.82,VU,1621392287
131,Bongandanga,1.5,21.05,294.46,98,100,0.31,CD,1621392289
132,Ubari,26.5921,12.7805,300.02,14,9,6.52,LY,1621392290
133,Nikolskoye,59.7035,30.7861,288.09,92,99,3.12,RU,1621392294
134,Cidreira,-30.1811,-50.2056,285.62,78,0,2.86,BR,1621392295
135,Nioaque,-21.1353,-55.83,297.02,56,65,1.39,BR,1621392297
136,Kruisfontein,-34.0033,24.7314,289.21,34,5,4.27,ZA,1621392299
137,Hailun,47.45,126.9333,295.56,35,68,1.83,CN,1621392301
138,Ahtopol,42.1,27.95,285.41,70,1,3.29,BG,1621392303
139,Bengkulu,-3.8004,102.2655,301.69,67,60,0.4,ID,1621392132
140,Bredasdorp,-34.5322,20.0403,280.77,71,11,1.34,ZA,1621392307
141,Plaster Rock,46.9065,-67.39,286.44,72,4,1.49,CA,1621392310
142,São Filipe,14.8961,-24.4956,297.46,68,100,5.15,CV,1621392312
143,Te Anau,-45.4167,167.7167,283.27,94,100,1.23,NZ,1621392314
144,Sinnamary,5.3833,-52.95,298.2,89,20,4.03,GF,1621392315
145,Talnakh,69.4865,88.3972,268.31,75,79,3.99,RU,1621392317
146,Geraldton,-28.7667,114.6,297.38,67,0,2.87,AU,1621392319
147,Kavieng,-2.5744,150.7967,302.66,69,100,2.64,PG,1621392321
148,Departamento de Maldonado,-34.6667,-54.9167,282.72,90,66,1.47,UY,1621392322
149,Cañar,-2.55,-78.9333,284.17,90,65,3.37,EC,1621392324
150,Chara,56.9064,118.2631,276.14,42,92,1.8,RU,1621392326
151,Saint Paul Harbor,57.79,-152.4072,284.88,58,1,1.54,US,1621392329
152,Maniwaki,46.3834,-75.966,288.45,74,68,0.08,CA,1621392224
153,Wanning,18.8003,110.3967,304.9,63,100,6.39,CN,1621392332
154,Severo-Kuril'sk,50.6789,156.125,283.58,56,1,3.73,RU,1621392334
155,Vaini,-21.2,-175.2,301.24,78,75,3.09,TO,1621392336
156,Kaitangata,-46.2817,169.8464,283.75,94,100,5.05,NZ,1621392338
157,Aklavik,68.2191,-135.0107,285.55,70,78,2.3,CA,1621392137
158,Shirakawa,37.1223,140.2376,292.57,94,100,2.19,JP,1621392341
159,Pingliang,35.5392,106.6861,288.85,56,100,2.73,CN,1621392343
160,Maniitsoq,65.4167,-52.9,275.13,78,17,6.89,GL,1621392344
161,Ponta do Sol,32.6667,-17.1,292.5,69,0,2.57,PT,1621392348
162,Plettenberg Bay,-34.0527,23.3716,288.91,52,9,2.19,ZA,1621392349
163,Pangnirtung,66.1451,-65.7125,269.15,80,90,8.75,CA,1621392351
164,Butaritari,3.0707,172.7902,301.1,77,100,4.38,KI,1621392353
165,Koungou,-12.7336,45.2042,298.99,72,0,6.57,YT,1621392122
166,Olafsvik,64.8945,-23.7142,275.77,69,8,5.44,IS,1621392356
167,Pemberton,50.3164,-122.8027,281.07,77,90,1.92,CA,1621392305
168,Petatlán,17.5167,-101.2667,299.22,71,0,1.02,MX,1621392359
169,Souillac,-20.5167,57.5167,296.36,79,20,4.12,MU,1621392361
170,Upernavik,72.7868,-56.1549,272.91,69,58,4.54,GL,1621392363
171,Warrnambool,-38.3833,142.4833,289.71,53,100,6.46,AU,1621392365
172,Lompoc,34.6391,-120.4579,293.46,70,1,7.72,US,1621392366
173,Alta Floresta,-9.8756,-56.0861,295.05,76,38,1.55,BR,1621392368
174,Martapura,-3.4167,114.85,299.2,61,40,0.96,ID,1621392371
175,Province of Mantua,45.1667,10.7833,287.75,82,100,1.34,IT,1621392373
176,Bayan,46.0833,127.4,296.18,41,90,2.2,CN,1621392375
177,Fairbanks,64.8378,-147.7164,289.13,33,75,3.6,US,1621392087
178,Wajima,37.4,136.9,290.53,93,90,2.24,JP,1621392378
179,Sobolevo,54.4299,31.8996,286.3,95,99,2.29,RU,1621392381
180,Vestmannaeyjar,63.4427,-20.2734,276.96,92,100,4.26,IS,1621392385
181,Jalu,29.0331,21.5482,297.39,22,0,1.0,LY,1621392386
182,Henties Bay,-22.116,14.2845,290.85,79,0,2.05,NA,1621392388
183,Aswān,24.0934,32.907,299.64,22,68,3.11,EG,1621392390
184,Bathsheba,13.2167,-59.5167,300.49,74,40,5.53,BB,1621392392
185,Seoul,37.5683,126.9778,295.93,26,0,2.78,KR,1621391948
186,Kutum,14.2,24.6667,297.09,15,71,2.89,SD,1621392395
187,Arkhangelsk,64.5401,40.5433,291.21,75,20,3.77,RU,1621392186
188,Puka,58.0559,26.2436,286.73,99,100,1.0,EE,1621392398
189,Dalvik,65.9702,-18.5286,274.11,73,85,1.3,IS,1621392400
190,Caravelas,-17.7125,-39.2481,294.56,79,100,0.08,BR,1621392402
191,Mbandaka,0.0487,18.2603,294.22,98,95,0.69,CD,1621392403
192,Faro,37.0194,-7.9322,291.03,88,0,4.12,PT,1621392109
193,Tuktoyaktuk,69.4541,-133.0374,276.15,75,20,5.66,CA,1621392408
194,Lebu,-37.6167,-73.65,287.25,78,100,10.02,CL,1621392410
195,Gore,-46.1028,168.9436,284.39,96,100,3.85,NZ,1621392412
196,Kavaratti,10.5669,72.642,301.78,74,100,5.45,IN,1621392414
197,Deūlgaon Rāja,20.0167,76.0333,299.23,59,100,6.05,IN,1621392415
198,Dikson,73.5069,80.5464,266.67,90,82,1.37,RU,1621392417
199,Nanortalik,60.1432,-45.2371,275.64,75,45,0.58,GL,1621392419
200,Otjiwarongo,-20.4637,16.6477,287.17,36,0,3.82,NA,1621392420
201,Nago,26.5881,127.9761,306.39,76,100,4.43,JP,1621392422
202,East London,-33.0153,27.9116,294.13,33,63,4.28,ZA,1621392424
203,Mar del Plata,-38.0023,-57.5575,286.0,48,40,0.89,AR,1621392176
204,Ust'-Kulom,61.6864,53.6902,289.11,58,55,2.46,RU,1621392427
205,Brufut,13.3814,-16.7518,295.69,85,68,4.97,GM,1621392429
206,Santa Cruz de la Sierra,-17.8,-63.1667,295.37,71,45,2.16,BO,1621392431
207,Los Llanos de Aridane,28.6585,-17.9182,291.01,92,90,7.3,ES,1621392432
208,Progreso,21.2833,-89.6667,301.84,62,2,7.17,MX,1621392434
209,Mehamn,71.0357,27.8492,280.12,81,0,8.75,NO,1621392436
210,Narsaq,60.9167,-46.05,278.27,68,27,0.7,GL,1621392438
211,Chernyshevskiy,63.0128,112.4714,275.0,34,100,1.96,RU,1621392440
212,Adrar,20.5022,-10.0711,303.05,21,26,8.17,MR,1621392441
213,Wolfhagen,51.3261,9.1702,279.63,95,26,1.2,DE,1621392445
214,Dembī Dolo,8.5333,34.8,288.03,96,100,1.0,ET,1621392446
215,Constitución,-35.3333,-72.4167,287.35,85,100,6.68,CL,1621392448
216,Novoagansk,61.9449,76.6625,278.04,56,100,4.48,RU,1621392450
217,Ylöjärvi,61.5563,23.5961,284.61,96,90,3.97,FI,1621392452
218,Porto Nacional,-10.7081,-48.4172,297.15,65,100,0.82,BR,1621392453
219,Jilib,0.4883,42.7854,297.38,89,90,2.77,SO,1621392455
220,Muli,2.9167,73.5667,302.01,74,7,4.51,MV,1621392457
221,Ulaanbaatar,47.9077,106.8832,291.22,38,20,8.13,MN,1621392350
222,Vardø,70.3705,31.1107,278.26,93,60,4.22,NO,1621392460
223,Mocuba,-16.8392,36.9856,289.78,98,20,1.58,MZ,1621392462
224,Bārmer,25.75,71.3833,298.0,61,100,9.41,IN,1621392464
225,Otofuke,42.9917,143.2003,287.68,69,100,3.3,JP,1621392465
226,Pevek,69.7008,170.3133,274.02,86,91,3.8,RU,1621392467
227,Prince Rupert,54.3161,-130.3201,282.98,81,90,2.57,CA,1621392323
228,Moerai,-22.4333,-151.3333,297.4,70,83,8.22,PF,1621392470
229,Vorozhba,51.1733,34.2192,285.54,95,92,4.63,UA,1621392472
230,Tual,-5.6667,132.75,301.34,78,76,7.79,ID,1621392474
231,Brae,60.3964,-1.353,280.1,81,100,5.97,GB,1621392477
232,Evensk,61.95,159.2333,274.22,99,100,2.84,RU,1621392479
233,Ponta Delgada,37.7333,-25.6667,291.55,100,40,2.57,PT,1621392482
234,Zhigansk,66.7697,123.3711,277.34,32,100,2.5,RU,1621392484
235,Concarneau,47.875,-3.9225,283.74,90,18,4.38,FR,1621392486
236,Cherskiy,68.75,161.3,280.95,49,69,5.32,RU,1621392487
237,Saskylakh,71.9167,114.0833,272.62,93,100,6.72,RU,1621392489
238,Sola,-13.8833,167.55,300.58,78,49,8.3,VU,1621392491
239,Mitsamiouli,-11.3847,43.2844,299.39,66,45,6.59,KM,1621392493
240,Nome,64.5011,-165.4064,278.8,80,40,8.75,US,1621392494
241,Tuatapere,-46.1333,167.6833,284.72,90,97,3.59,NZ,1621392496
242,Agüimes,27.9054,-15.4461,292.5,68,20,10.29,ES,1621392498
243,Clyde River,70.4692,-68.5914,265.28,73,1,5.14,CA,1621392500
244,Saint-Leu,-21.15,55.2833,294.63,64,0,4.11,RE,1621392501
245,Keti Bandar,24.1447,67.4497,305.28,44,61,2.67,PK,1621392503
246,Turaif,31.6725,38.6637,292.29,26,0,3.09,SA,1621392505
247,Coronel José Félix Bogado,-27.1833,-56.3,289.42,72,29,2.56,PY,1621392507
248,Lüderitz,-26.6481,15.1594,289.62,61,90,2.36,NA,1621392508
249,Lata,40.1629,-8.3327,284.85,97,99,1.13,PT,1621392510
250,Mossamedes,-15.1961,12.1522,294.93,59,44,3.13,AO,1621392512
251,Villa Carlos Paz,-31.4241,-64.4978,289.2,69,100,1.79,AR,1621392515
252,Muros,42.7762,-9.0603,285.5,84,51,3.01,ES,1621392517
253,Atar,20.5169,-13.0499,302.98,21,8,3.23,MR,1621392520
254,Boguchany,58.3814,97.4531,281.64,28,19,2.91,RU,1621392522
255,Zaraysk,54.7653,38.8836,291.02,85,30,4.0,RU,1621392365
256,Alice Springs,-23.7,133.8833,294.9,13,8,6.27,AU,1621392521
257,Najrān,17.4924,44.1277,297.51,36,55,0.75,SA,1621392527
258,Karpathos,35.507,27.2132,294.13,73,2,2.55,GR,1621392528
259,Huancavelica,-12.7667,-74.9833,275.33,90,96,1.13,PE,1621392530
260,Port Pirie,-33.1833,138.0167,293.2,33,98,5.46,AU,1621392532
261,Kpandae,8.4689,-0.0113,298.66,80,67,2.59,GH,1621392534
262,Yulara,-25.2406,130.9889,293.06,18,100,4.63,AU,1621392535
263,Shingū,33.7333,135.9833,295.32,98,100,4.35,JP,1621392537
264,Gagnoa,6.1293,-5.9437,296.05,99,100,1.3,CI,1621392539
265,Canto do Buriti,-8.11,-42.9444,299.51,48,93,0.83,BR,1621392541
266,Ruska Poliana,49.417,31.9201,283.09,96,20,2.8,UA,1621392542
267,Pimentel,-6.8367,-79.9342,291.48,86,67,2.68,PE,1621392546
268,Richards Bay,-28.783,32.0377,291.06,83,0,5.21,ZA,1621392547
269,Yenagoa,4.9247,6.2642,297.24,94,99,0.84,NG,1621392549
270,Cowra,-33.8333,148.6833,291.08,38,4,2.12,AU,1621392551
271,Vrbno pod Pradědem,50.1209,17.3832,280.32,92,14,1.31,CZ,1621392553
272,San Quintín,30.4833,-115.95,289.03,83,35,5.71,MX,1621392554
273,Camopi,3.1655,-52.3158,295.25,99,99,0.97,GF,1621392556
274,Zunyi,27.6867,106.9072,289.97,92,100,1.13,CN,1621392558
275,Mahon,39.8885,4.2658,289.46,67,40,7.72,ES,1621392560
276,Waingapu,-9.6567,120.2641,302.83,65,11,5.92,ID,1621392561
277,Udachny,66.4167,112.4,273.38,100,100,4.88,RU,1621392563
278,Ulaangom,49.9811,92.0667,294.26,25,86,0.05,MN,1621392565
279,Taoudenni,22.6783,-3.9836,309.42,14,27,4.91,ML,1621392567
280,Faanui,-16.4833,-151.75,300.93,74,14,10.28,PF,1621392568
281,Talaya,61.3833,152.75,277.8,62,100,2.98,RU,1621392570
282,Grindavik,63.8424,-22.4338,277.41,69,75,2.25,IS,1621392572
283,Saldanha,-33.0117,17.9442,280.18,72,0,2.97,ZA,1621392575
284,Umluj,25.0213,37.2685,299.81,65,33,3.76,SA,1621392578
285,Bonthe,7.5264,-12.505,299.68,87,100,2.37,SL,1621392580
286,Gospić,44.5461,15.3747,283.98,94,95,1.06,HR,1621392582
287,Honiara,-9.4333,159.95,303.42,70,88,4.28,SB,1621392584
288,Mercedes,-34.6515,-59.4307,283.25,82,92,3.07,AR,1621392585
289,Dicabisagan,17.0818,122.4157,304.72,61,7,3.92,PH,1621392587
290,Itarema,-2.9248,-39.9167,297.82,89,42,3.22,BR,1621392589
291,Māndal,25.45,74.5667,297.44,81,100,8.29,IN,1621392591
292,Nong’an,44.382,125.1685,298.38,28,12,2.12,CN,1621392592
293,Kuusamo,65.9667,29.1833,278.17,100,90,1.54,FI,1621392594
294,Severo-Yeniseyskiy,60.3725,93.0408,274.97,50,96,2.49,RU,1621392596
295,Conde,-7.2597,-34.9075,294.85,89,90,2.21,BR,1621392598
296,Hofn,64.2539,-15.2082,274.68,61,6,5.47,IS,1621392599
297,Gijang,35.2442,129.2139,298.0,69,27,3.91,KR,1621392601
298,Kisi,9.0833,3.85,296.83,87,30,3.12,NG,1621392611
299,Qaqortoq,60.7167,-46.0333,276.1,70,49,2.18,GL,1621392613
300,Barra de Tecoanapa,16.5167,-98.75,301.94,66,2,2.85,MX,1621392614
301,Sept-Îles,50.2001,-66.3821,278.18,95,20,1.54,CA,1621392399
302,Itoman,26.1247,127.6694,306.36,83,75,6.17,JP,1621392618
303,Green River,41.5286,-109.4662,293.37,35,36,9.0,US,1621392619
304,Touros,-5.1989,-35.4608,297.65,87,86,4.45,BR,1621392621
305,Ibrā’,22.6906,58.5334,304.32,21,4,1.06,OM,1621392431
306,Cap-aux-Meules,47.3821,-61.8597,279.18,93,90,6.69,CA,1621392361
307,Siguiri,11.6667,-9.5,303.86,35,90,1.78,GN,1621392626
308,Jumla,29.2747,82.1838,286.55,93,100,1.52,NP,1621392628
309,San Fernando del Valle de Catamarca,-28.4696,-65.7852,293.58,92,76,2.68,AR,1621392367
310,Kota Kinabalu,5.9749,116.0724,304.14,74,20,1.54,MY,1621392631
311,Baruun-Urt,46.6806,113.2792,294.87,29,82,7.19,MN,1621392633
312,Penzance,50.1186,-5.5371,283.71,84,0,8.11,GB,1621392634
313,Dumas,35.8656,-101.9732,287.79,87,75,2.57,US,1621392636
314,Tandaltī,13.0167,31.8667,303.72,51,100,4.54,SD,1621392638
315,Taft,31.7471,54.2088,294.12,21,0,1.83,IR,1621392640
316,Mahébourg,-20.4081,57.7,296.31,88,20,1.54,MU,1621392641
317,Airai,-8.9266,125.4092,295.68,60,73,1.4,TL,1621392643
318,Suda,59.1525,37.5582,290.66,83,6,4.38,RU,1621392645
319,Esperance,-33.8667,121.9,291.06,78,99,3.32,AU,1621392647
320,Saint George,37.1041,-113.5841,305.48,17,1,3.58,US,1621392648
321,Sakaiminato,35.55,133.2333,295.14,68,75,4.12,JP,1621392650
322,Fort-Shevchenko,44.5086,50.263,295.47,39,4,4.0,KZ,1621392652
323,Vostok,46.4856,135.8833,298.26,22,0,4.46,RU,1621392654
324,Haapiti,-17.5667,-149.8667,303.0,70,42,9.16,PF,1621392655
325,Praia da Vitória,38.7333,-27.0667,293.29,83,40,9.09,PT,1621392657
326,Mīrābād,30.4362,61.8383,303.66,9,0,3.73,AF,1621392660
327,Vila Franca do Campo,37.7167,-25.4333,291.38,96,97,4.15,PT,1621392662
328,Funadhoo,6.15,73.2667,301.79,76,62,7.42,MV,1621392664
329,Belūsovka,50.1339,82.5239,291.62,61,90,1.23,KZ,1621392666
330,Fortuna,40.5982,-124.1573,287.7,69,1,2.68,US,1621392667
331,Columbus,39.9612,-82.9988,293.44,63,1,1.86,US,1621392212
332,Bánov,48.988,17.7175,281.04,94,99,1.07,CZ,1621392671
333,Rapid Valley,44.0625,-103.1463,295.17,53,1,6.69,US,1621392672
334,Belebey,54.1167,54.1167,288.95,76,0,5.47,RU,1621392674
335,Kuril'sk,45.2333,147.8833,284.81,47,37,4.53,RU,1621392676
336,La Paz,-16.5,-68.15,279.02,68,23,1.29,BO,1621392211
337,Khawhai,23.3667,93.1167,296.85,49,100,1.55,IN,1621392679
338,Carutapera,-1.195,-46.02,297.82,91,6,2.53,BR,1621392681
339,Nagato,34.3833,131.2,294.93,70,100,3.06,JP,1621392684
340,Severnyy,50.677,36.5532,287.17,94,75,4.0,RU,1621392686
341,Port Hardy,50.6996,-127.4199,281.15,87,90,2.06,CA,1621392600
342,Yongchang,30.0381,119.7317,293.47,95,100,1.49,CN,1621392691
343,Changli,39.7042,119.1506,303.27,24,64,7.45,CN,1621392693
344,Rio Brilhante,-21.8019,-54.5464,291.42,56,0,2.13,BR,1621392694
345,Krasnosel'kup,65.7,82.4667,270.74,60,7,8.38,RU,1621392696
346,Koslan,63.4564,48.8989,289.8,63,61,3.19,RU,1621392698
347,Timizart,36.8,4.2667,290.08,58,5,0.41,DZ,1621392699
348,Lagoa,39.05,-27.9833,290.83,90,100,6.45,PT,1621392701
349,Kropotkin,45.4375,40.5756,287.37,97,100,7.3,RU,1621392703
350,Stokmarknes,68.5646,14.9108,280.65,93,100,6.74,NO,1621392708
351,Moengo,5.6167,-54.4,296.3,96,19,1.02,SR,1621392711
352,Salalah,17.0151,54.0924,300.65,85,27,1.91,OM,1621392713
353,Paamiut,61.994,-49.6678,276.23,75,33,4.18,GL,1621392715
354,Scarborough,54.2797,-0.4044,280.11,87,5,1.34,GB,1621392716
355,Nioro,13.35,-15.75,298.34,60,52,3.63,GM,1621392718
356,Hatfield,51.7634,-0.2242,282.97,95,90,2.16,GB,1621392720
357,San Jerónimo,-11.9472,-75.2829,282.14,78,47,0.62,PE,1621392722
358,La Reforma,18.1,-91.0167,297.65,83,100,5.03,MX,1621392723
359,Nizhniy Kuranakh,58.8353,125.4869,278.74,29,83,2.36,RU,1621392725
360,Ossora,59.2353,163.0719,275.16,94,100,1.85,RU,1621392727
361,Lázaro Cárdenas,17.9583,-102.2,299.43,67,0,2.76,MX,1621392729
362,Merauke,-8.4667,140.3333,301.43,79,100,6.71,ID,1621392730
363,Vao,-22.6667,167.4833,296.11,68,100,8.87,NC,1621392732
364,Manga,11.6636,-1.0731,303.52,48,99,4.14,BF,1621392734
365,Port Macquarie,-31.4333,152.9167,294.76,58,0,3.2,AU,1621392654
366,Khilok,51.3674,110.4676,282.94,64,99,3.41,RU,1621392739
367,Portoferraio,42.8115,10.3146,290.91,80,83,3.94,IT,1621392740
368,Wattegama,6.7989,81.4808,301.66,74,73,2.52,LK,1621392742
369,Kiryat Gat,31.61,34.7642,293.37,80,0,1.77,IL,1621392744
370,Santiago del Estero,-27.7951,-64.2615,293.87,78,100,4.9,AR,1621392694
371,Antalaha,-14.9003,50.2788,295.47,86,90,3.13,MG,1621392747
372,Pangai,-19.8,-174.35,301.21,65,20,7.2,TO,1621392749
373,Vanimo,-2.6741,141.3028,302.98,69,66,2.97,PG,1621392751
374,Karambakkudi,10.4667,79.1333,303.37,58,25,4.03,IN,1621392752
375,Nelson Bay,-32.7167,152.15,294.98,58,0,0.45,AU,1621392754
376,Tegul'det,57.3064,88.1667,282.35,38,79,3.78,RU,1621392756
377,Tiznit Province,29.5833,-9.5,296.39,46,100,0.79,MA,1621392758
378,Otane,-39.8833,176.6333,292.04,58,14,6.18,NZ,1621392759
379,Acajutla,13.5928,-89.8275,300.26,76,24,0.94,SV,1621392761
380,Brawley,32.9787,-115.5303,309.49,24,1,4.81,US,1621392503
381,Barcelos,41.5388,-8.6151,285.33,94,81,2.41,PT,1621392765
382,Linfen,36.0889,111.5189,298.26,27,100,2.93,CN,1621392722
383,Leningradskiy,69.3833,178.4167,274.08,90,66,4.29,RU,1621392768
384,Vermillion,42.7794,-96.9292,290.03,97,97,3.16,US,1621392770
385,Caucayá,-0.1934,-74.7819,294.35,97,71,0.67,CO,1621392773
386,Cerrito,6.8432,-72.694,284.81,93,100,1.81,CO,1621392775
387,Madang,-5.2246,145.7966,303.12,69,79,2.62,PG,1621392776
388,Amursk,50.2261,136.8994,285.02,84,100,2.03,RU,1621392778
389,Mosquera,4.7059,-74.2302,285.2,94,20,1.03,CO,1621392780
390,Arrondissement de Nogent-le-Rotrou,48.3333,1.0,280.73,98,84,4.0,FR,1621392782
391,Coquimbo,-29.9533,-71.3436,287.0,87,75,1.88,CL,1621392783
392,Nouadhibou,20.931,-17.0347,291.14,94,40,3.6,MR,1621392785
393,Saint-Joseph,-21.3667,55.6167,294.36,74,0,1.48,RE,1621392787
394,Margate,51.3813,1.3862,284.38,84,100,0.45,GB,1621392790
395,Wankyi,7.7392,-2.1046,295.53,97,100,1.84,GH,1621392792
396,Omsukchan,62.5333,155.8,273.29,88,99,2.94,RU,1621392794
397,Leh,34.1667,77.5833,280.53,50,75,1.06,IN,1621392795
398,Lebedinyy,58.5167,125.5167,274.74,38,77,3.77,RU,1621392797
399,Tura,25.5198,90.2201,300.43,76,53,2.22,IN,1621392800
400,Dunedin,-45.8742,170.5036,286.93,72,100,8.49,NZ,1621392802
401,Tanete,-3.9443,119.7848,303.9,59,92,4.41,ID,1621392804
402,Mazyr,52.0495,29.2456,284.16,95,37,1.58,BY,1621392806
403,Zhangaözen,43.3,52.8,296.72,24,19,3.69,KZ,1621392807
404,Kholm-Zhirkovskiy,55.5189,33.4731,287.53,93,52,4.11,RU,1621392809
405,Longyearbyen,78.2186,15.6401,269.06,68,40,5.66,SJ,1621392811
406,Arraial do Cabo,-22.9661,-42.0278,295.27,68,71,6.11,BR,1621392813
407,Karlstad,59.3793,13.5036,275.46,94,90,1.36,SE,1621392814
408,Astoria,46.1879,-123.8313,285.94,74,40,4.63,US,1621392659
409,Aizpute,56.7167,21.6,281.72,87,100,2.63,LV,1621392818
410,Gillette,44.2911,-105.5022,293.68,46,88,4.47,US,1621392819
411,Lorengau,-2.0226,147.2712,303.33,67,88,4.23,PG,1621392821
412,Seymchan,62.8833,152.4333,279.5,78,100,2.69,RU,1621392823
413,Bonito,-21.1211,-56.4819,293.83,67,22,0.92,BR,1621392826
414,Benjamin Constant,-4.3831,-70.0311,297.22,98,72,0.29,BR,1621392828
415,Labuhan,-6.8844,112.2051,302.92,67,72,1.44,ID,1621392830
416,Acapulco de Juárez,16.8634,-99.8901,300.76,69,3,2.93,MX,1621392831
417,Abu Samrah,35.3029,37.1841,291.42,49,0,2.41,SY,1621392833
418,Brigantine,39.4101,-74.3646,292.6,71,1,5.72,US,1621392835
419,Port Lincoln,-34.7333,135.8667,292.91,33,100,7.08,AU,1621392838
420,Pyn U Lwin,22.0333,96.4667,300.8,59,100,3.37,MM,1621392840
421,Yārāda,17.65,83.2667,305.33,70,20,5.37,IN,1621392842
422,Mezen',65.8522,44.24,291.06,72,99,4.63,RU,1621392843
423,Kirakira,-10.4544,161.9205,302.17,77,95,5.66,SB,1621392845
424,Grand Gaube,-20.0064,57.6608,296.37,76,0,2.68,MU,1621392847
425,Coyhaique,-45.5752,-72.0662,276.12,93,90,0.0,CL,1621392849
426,Marsh Harbour,26.5412,-77.0636,297.31,71,56,10.81,BS,1621392852
427,Bac Lieu,9.285,105.7244,305.02,59,56,3.09,VN,1621392797
428,Empório,40.4833,21.55,285.84,53,36,1.14,GR,1621392855
429,Montepuez,-13.1256,38.9997,289.54,92,6,4.35,MZ,1621392857
430,Meulaboh,4.1363,96.1285,301.51,69,100,1.21,ID,1621392859
431,Rawson,-43.3002,-65.1023,287.44,73,100,9.46,AR,1621392860
432,Balaipungut,1.05,101.2833,301.38,75,100,0.4,ID,1621392862
433,Broome,42.2506,-75.833,289.64,91,27,0.79,US,1621392864
434,Khovd,48.0056,91.6419,292.62,26,35,2.42,MN,1621392866
435,Katherine,-14.4667,132.2667,304.33,38,0,5.09,AU,1621392867
436,Kurumkan,54.3,110.3,283.64,28,11,4.1,RU,1621392869
437,Lovozero,68.005,35.0117,285.04,90,81,1.45,RU,1621392871
438,Shīeli,44.1667,66.75,301.6,19,4,1.35,KZ,1621392873
439,Yumen,40.2833,97.2,293.08,21,20,7.9,CN,1621392874
440,Kāvali,14.9167,79.9833,306.11,53,97,4.89,IN,1621392876
441,Palmer,42.1584,-72.3287,291.27,72,98,0.86,US,1621392879
442,Tabory,58.5198,64.5495,285.18,56,59,2.56,RU,1621392881
443,San Policarpo,12.1791,125.5072,301.91,79,100,4.36,PH,1621392883
444,Antioquia,7.0,-75.5,285.31,97,100,1.11,CO,1621392885
445,Mount Isa,-20.7333,139.5,301.02,30,3,6.17,AU,1621392886
446,Portland,45.5234,-122.6762,288.14,71,75,0.45,US,1621392728
447,Piskivka,50.6938,29.6193,286.71,97,100,1.22,UA,1621392890
448,Araruama,-22.8728,-42.3431,293.79,79,94,3.5,BR,1621392653
449,Tocopilla,-22.092,-70.1979,291.44,72,27,4.03,CL,1621392893
450,Tshela,-4.9833,12.9333,296.17,100,100,0.36,CD,1621392895
451,Roswell,34.0232,-84.3616,295.29,77,100,0.89,US,1621392896
452,Oriximiná,-1.7656,-55.8661,296.75,94,96,1.25,BR,1621392850
453,Oskemen,49.9565,82.6119,292.13,57,90,1.74,KZ,1621392900
454,Nehe,48.4833,124.8333,294.28,22,56,2.0,CN,1621392916
455,Half Moon Bay,37.4636,-122.4286,291.61,78,1,6.69,US,1621392918
456,Djibouti,11.5,42.5,301.83,15,100,0.94,DJ,1621392920
457,Manaure,11.7751,-72.4445,301.52,71,76,4.39,CO,1621392922
458,Xam Nua,20.4197,104.0439,304.52,44,78,2.87,LA,1621392923
459,Dauphin,51.1494,-100.0502,299.23,34,1,5.66,CA,1621392925
460,Cayenne,4.9333,-52.3333,298.2,90,75,3.42,GF,1621392927
461,Krasne,49.9145,24.6134,283.81,96,100,6.37,UA,1621392930
462,Jardim,-21.4803,-56.1381,294.26,66,6,1.35,BR,1621392932
463,El Dorado,38.7666,-120.5177,293.16,49,0,1.51,US,1621392935
464,Bay Roberts,47.5999,-53.2648,277.32,90,69,0.45,CA,1621392937
465,Kamra,33.7473,73.5111,297.01,37,51,2.34,PK,1621392939
466,Rome,34.257,-85.1647,296.13,81,90,4.21,US,1621392431
467,Laas,46.6166,10.7002,279.61,96,100,3.2,IT,1621392944
468,Northam,51.0333,-4.2167,283.49,87,100,4.7,GB,1621392945
469,Bitung,1.4451,125.1824,299.62,90,100,4.43,ID,1621392947
470,Manavālakurichi,8.1333,77.3,302.2,76,97,3.91,IN,1621392949
471,Biltine,14.5333,20.9167,301.74,11,4,3.19,TD,1621392951
472,Monte Patria,-30.6919,-70.9467,286.66,89,4,0.93,CL,1621392952
473,Codrington,-38.2667,141.9667,289.64,46,100,6.66,AU,1621392954
474,Lufkin,31.3382,-94.7291,296.39,97,97,3.85,US,1621392956
475,Angoche,-16.2325,39.9086,296.4,70,0,4.99,MZ,1621392958
476,Taltal,-25.4,-70.4833,288.38,85,10,1.01,CL,1621392959
477,Sirumugai,11.3333,77.0167,302.91,60,56,0.41,IN,1621392961
478,Vallenar,-28.5708,-70.7581,285.69,92,98,1.04,CL,1621392964
479,Aleksandrov Gay,50.147,48.5704,293.92,46,64,1.51,RU,1621392966
480,Semenivka,52.1783,32.5818,285.04,96,50,3.7,UA,1621392968
481,Bacsay,15.65,120.3333,306.62,38,92,3.61,PH,1621392970
482,Challans,46.8436,-1.8749,284.8,89,2,6.01,FR,1621392972
483,Antofagasta,-23.65,-70.4,290.75,82,41,1.43,CL,1621392963
484,Camacha,33.0833,-16.3333,290.83,72,75,6.17,PT,1621392976
485,Brookhaven,31.5791,-90.4407,295.21,93,100,5.02,US,1621392979
486,Port-Cartier,50.0334,-66.8654,278.01,92,12,1.7,CA,1621392981
487,Chicama,-7.8447,-79.1469,290.45,81,51,2.86,PE,1621392983
488,Huarmey,-10.0681,-78.1522,291.63,87,13,4.12,PE,1621392985
489,El Copé,8.6167,-80.6,293.72,88,38,1.31,PA,1621392986
490,Lagoa Santa,-19.6272,-43.8897,290.69,67,0,1.54,BR,1621392988
491,Beringovskiy,63.05,179.3167,275.87,83,95,3.87,RU,1621392990
492,Murray,40.6669,-111.888,295.67,35,1,0.0,US,1621392992
493,Gorom-Gorom,14.4439,-0.2361,306.09,29,15,4.3,BF,1621392993
494,Bacolod City,10.6667,122.95,304.51,62,94,1.89,PH,1621392995
495,Dwārka,22.2394,68.9678,302.51,58,100,4.64,IN,1621392997
496,Zyryanovsk,49.7386,84.2719,290.38,70,100,0.44,KZ,1621392999
497,Roald,62.5833,6.1333,282.68,93,90,3.09,NO,1621393000
498,Flinders,-34.5833,150.8552,294.36,48,0,1.79,AU,1621393002
499,Colares,38.7992,-9.4469,287.97,78,31,7.6,PT,1621393004
500,Khāsh,28.2211,61.2158,298.73,10,0,0.48,IR,1621393006
501,Vágur,61.4732,-6.8119,278.01,73,100,7.71,FO,1621393007
502,Tananger,58.9333,5.6,282.22,93,90,1.54,NO,1621393009
503,Arrondissement de Cholet,47.1667,-1.0,283.29,98,57,3.64,FR,1621393011
504,Pacific Grove,36.6177,-121.9166,291.14,79,6,2.24,US,1621393013
505,Kulhudhuffushi,6.6221,73.07,302.03,74,47,7.84,MV,1621393014
506,Mushie,-3.0167,16.9,295.52,97,93,1.17,CD,1621393016
507,Halifax,44.6453,-63.5724,285.18,92,72,1.34,CA,1621392725
508,Demyansk,57.643,32.466,289.82,84,28,3.83,RU,1621393021
509,Sabha,27.0377,14.4283,299.86,13,0,5.09,LY,1621393023
510,Tautira,-17.7333,-149.15,303.16,73,27,9.35,PF,1621393024
511,Bubaque,11.2833,-15.8333,298.66,80,89,6.49,GW,1621393026
512,Naze,28.3667,129.4833,294.66,85,100,4.4,JP,1621393028
513,Arlit,18.7369,7.3853,304.43,10,16,2.72,NE,1621393030
514,Iracoubo,5.4802,-53.2011,298.17,89,24,4.23,GF,1621393031
515,Forsytheganj,52.6333,29.7333,285.42,97,100,1.4,BY,1621393033
516,Linxia Chengguanzhen,35.6003,103.2064,288.63,51,20,2.44,CN,1621393035
517,Boende,-0.2167,20.8667,294.87,97,100,0.15,CD,1621393037
518,Tomatlán,19.9333,-105.25,295.53,78,0,0.75,MX,1621393038
519,Bandarbeyla,9.4942,50.8122,300.26,85,50,8.14,SO,1621393040
520,Pathalgaon,22.5667,83.4667,304.95,46,29,2.76,IN,1621393042
521,Mayo,38.8876,-76.5119,292.36,71,0,2.98,US,1621393044
522,Mount Gambier,-37.8333,140.7667,288.1,63,100,6.17,AU,1621392803
523,Leshan,29.5623,103.7639,292.52,89,100,1.03,CN,1621393047
524,Rey Bouba,8.6724,14.1786,299.43,69,95,1.27,CM,1621393049
525,Dire Dawa,9.5931,41.8661,295.31,61,100,3.39,ET,1621393052
526,Ilulissat,69.2167,-51.1,269.6,83,11,3.31,GL,1621393054
527,Campbellton,48.0075,-66.6727,285.4,90,1,1.77,CA,1621393055
528,Akdepe,42.0551,59.3788,296.15,27,54,2.64,TM,1621393057
529,Anaconda,46.1285,-112.9423,281.0,65,77,1.87,US,1621393059
530,Rafrāf,37.1904,10.1837,287.32,68,14,3.98,TN,1621393061
531,Viadana,44.9333,10.5333,287.7,95,98,1.76,IT,1621393062
532,Majene,-3.5403,118.9707,303.02,68,66,1.44,ID,1621393064
533,Bhawana,31.5692,72.649,305.73,30,0,2.87,PK,1621393066
534,Sørland,67.667,12.6934,278.6,86,100,10.78,NO,1621393068
535,Show Low,34.2542,-110.0298,292.21,36,40,6.17,US,1621393069
536,Mugumu,-1.85,34.7,287.13,94,96,1.26,TZ,1621393071
537,Port Blair,11.6667,92.75,302.89,68,100,1.75,IN,1621393073
538,Eureka,40.8021,-124.1637,286.3,79,95,3.13,US,1621393074
539,Mirzāpur,25.15,82.5833,298.13,55,84,2.09,IN,1621393076
540,St. George's,12.0564,-61.7485,299.97,78,20,6.17,GD,1621393078
541,Adré,13.4667,22.2,298.68,12,22,3.77,TD,1621393080
542,Corn Island,12.1694,-83.0418,300.54,77,71,3.75,NI,1621393081
543,La Ronge,55.1001,-105.2842,279.29,70,75,7.2,CA,1621393085
544,Sorong,-0.8833,131.25,301.05,76,100,1.79,ID,1621393086
545,Port Hedland,-20.3167,118.5667,300.18,22,66,3.6,AU,1621393090
546,Mackay,-21.15,149.2,298.53,69,57,8.75,AU,1621392936
547,Road Town,18.4167,-64.6167,299.93,77,12,5.58,VG,1621392980
548,Havre-St-Pierre,50.2334,-63.5986,278.35,100,90,3.09,CA,1621393096
549,Hinton,53.4001,-117.5857,281.17,99,100,2.4,CA,1621393098
550,Diego de Almagro,-26.3667,-70.05,285.37,77,44,0.93,CL,1621393100
551,Pizhma,57.8642,47.1171,289.67,73,84,3.61,RU,1621393101
552,Bairiki Village,1.3292,172.9752,300.15,79,75,5.61,KI,1621393103
553,Talara,-4.5772,-81.2719,293.58,88,89,5.85,PE,1621393105
554,Anadyr,64.75,177.4833,277.43,69,40,5.81,RU,1621393107
555,Bereda,43.2686,-7.5406,282.55,95,79,0.39,ES,1621393108
